off_seq,CFD
GACGCATAAAGATGAGACGCTGG,1.0
GCCGCATAAAGATGAGACGCTGG,0.7857142859999999
GAGGCATAAAGATGAGACGCTGG,0.5
GTCGCATAAAGATGAGACGCTGG,0.727272727
GAAGCATAAAGATGAGACGCTGG,0.8666666670000001
GATGCATAAAGATGAGACGCTGG,0.6875
GGCGCATAAAGATGAGACGCTGG,0.8
GACGGATAAAGATGAGACGCTGG,0.6
GACACATAAAGATGAGACGCTGG,0.9
GACGCATAATGATGAGACGCTGG,0.882352941
GACGTATAAAGATGAGACGCTGG,0.636363636
GACCCATAAAGATGAGACGCTGG,0.529411765
GACGCATAGAGATGAGACGCTGG,0.666666667
GACGCATAAGGATGAGACGCTGG,0.5555555560000001
GACGCAAAAAGATGAGACGCTGG,0.875
GACGCATACAGATGAGACGCTGG,0.571428571
GACTCATAAAGATGAGACGCTGG,0.363636364
GACGCATGAAGATGAGACGCTGG,0.7333333329999999
GACGAATAAAGATGAGACGCTGG,0.571428571
GACGCATAACGATGAGACGCTGG,0.333333333
GACGCGTAAAGATGAGACGCTGG,0.7142857140000001
GACGCATATAGATGAGACGCTGG,0.6
GACGCATCAAGATGAGACGCTGG,0.428571429
GACGCATTAAGATGAGACGCTGG,0.428571429
GACGCTTAAAGATGAGACGCTGG,0.7142857140000001
GACGCAGAAAGATGAGACGCTGG,0.588235294
GACGCCTAAAGATGAGACGCTGG,0.454545455
GACGCACAAAGATGAGACGCTGG,0.6875
