on_seq,off_seq,CRISPR_Net_score
GACGCATAAAGATGAGACGCTGG,GACGCATAAAGATGAGACGCTGG,0.71153814
GACGCATAAAGATGAGACGCTGG,GCCGCATAAAGATGAGACGCTGG,0.8162145
GACGCATAAAGATGAGACGCTGG,GAGGCATAAAGATGAGACGCTGG,0.77660453
GACGCATAAAGATGAGACGCTGG,GTCGCATAAAGATGAGACGCTGG,0.8271152
GACGCATAAAGATGAGACGCTGG,GAAGCATAAAGATGAGACGCTGG,0.7494954
GACGCATAAAGATGAGACGCTGG,GATGCATAAAGATGAGACGCTGG,0.7607566
GACGCATAAAGATGAGACGCTGG,GGCGCATAAAGATGAGACGCTGG,0.79726845
GACGCATAAAGATGAGACGCTGG,GACGGATAAAGATGAGACGCTGG,0.68368566
GACGCATAAAGATGAGACGCTGG,GACACATAAAGATGAGACGCTGG,0.8246738
GACGCATAAAGATGAGACGCTGG,GACGCATAATGATGAGACGCTGG,0.8396046
GACGCATAAAGATGAGACGCTGG,GACGTATAAAGATGAGACGCTGG,0.8801495
GACGCATAAAGATGAGACGCTGG,GACCCATAAAGATGAGACGCTGG,0.8672915
GACGCATAAAGATGAGACGCTGG,GACGCATAGAGATGAGACGCTGG,0.9180254
GACGCATAAAGATGAGACGCTGG,GACGCATAAGGATGAGACGCTGG,0.8488536
GACGCATAAAGATGAGACGCTGG,GACGCAAAAAGATGAGACGCTGG,0.8842948
GACGCATAAAGATGAGACGCTGG,GACGCATACAGATGAGACGCTGG,0.89138705
GACGCATAAAGATGAGACGCTGG,GACTCATAAAGATGAGACGCTGG,0.8356312
GACGCATAAAGATGAGACGCTGG,GACGCATGAAGATGAGACGCTGG,0.934444
GACGCATAAAGATGAGACGCTGG,GACGAATAAAGATGAGACGCTGG,0.7431136
GACGCATAAAGATGAGACGCTGG,GACGCATAACGATGAGACGCTGG,0.7907204
GACGCATAAAGATGAGACGCTGG,GACGCGTAAAGATGAGACGCTGG,0.8890993
GACGCATAAAGATGAGACGCTGG,GACGCATATAGATGAGACGCTGG,0.91078186
GACGCATAAAGATGAGACGCTGG,GACGCATCAAGATGAGACGCTGG,0.8952137
GACGCATAAAGATGAGACGCTGG,GACGCATTAAGATGAGACGCTGG,0.9179449
GACGCATAAAGATGAGACGCTGG,GACGCTTAAAGATGAGACGCTGG,0.85439825
GACGCATAAAGATGAGACGCTGG,GACGCAGAAAGATGAGACGCTGG,0.89681447
GACGCATAAAGATGAGACGCTGG,GACGCCTAAAGATGAGACGCTGG,0.9101489
GACGCATAAAGATGAGACGCTGG,GACGCACAAAGATGAGACGCTGG,0.88961655
