ontarget,offtarget,activity,DeepCRISPR
GACGCATAAAGATGAGACGCTGG,GACGCATAAAGATGAGACGCTGG,0.0928059068718,0.083268195
GACGCATAAAGATGAGACGCTGG,GCCGCATAAAGATGAGACGCTGG,0.07872016498630001,0.10164964
GACGCATAAAGATGAGACGCTGG,GAGGCATAAAGATGAGACGCTGG,0.119446527474,0.08920014
GACGCATAAAGATGAGACGCTGG,GTCGCATAAAGATGAGACGCTGG,0.114618189415,0.09074554
GACGCATAAAGATGAGACGCTGG,GAAGCATAAAGATGAGACGCTGG,0.132345410767,0.08076835
GACGCATAAAGATGAGACGCTGG,GATGCATAAAGATGAGACGCTGG,0.14436947128,0.08891958
GACGCATAAAGATGAGACGCTGG,GGCGCATAAAGATGAGACGCTGG,0.181542289862,0.07203739999999999
GACGCATAAAGATGAGACGCTGG,GACGGATAAAGATGAGACGCTGG,0.008596483716690001,0.08279294
GACGCATAAAGATGAGACGCTGG,GACACATAAAGATGAGACGCTGG,0.115995295517,0.08361858
GACGCATAAAGATGAGACGCTGG,GACGCATAATGATGAGACGCTGG,0.0561840566924,0.068293005
GACGCATAAAGATGAGACGCTGG,GACGTATAAAGATGAGACGCTGG,0.111148283845,0.087613225
GACGCATAAAGATGAGACGCTGG,GACCCATAAAGATGAGACGCTGG,0.106781628351,0.09875351
GACGCATAAAGATGAGACGCTGG,GACGCATAGAGATGAGACGCTGG,0.0201204142155,0.08588526
GACGCATAAAGATGAGACGCTGG,GACGCATAAGGATGAGACGCTGG,0.00586891296755,0.05724141
GACGCATAAAGATGAGACGCTGG,GACGCAAAAAGATGAGACGCTGG,0.00208172468785,0.067902416
GACGCATAAAGATGAGACGCTGG,GACGCATACAGATGAGACGCTGG,0.00228748213652,0.07435169999999999
GACGCATAAAGATGAGACGCTGG,GACTCATAAAGATGAGACGCTGG,0.0932489445754,0.09152967
GACGCATAAAGATGAGACGCTGG,GACGCATGAAGATGAGACGCTGG,0.00389589061704,0.08471352
GACGCATAAAGATGAGACGCTGG,GACGAATAAAGATGAGACGCTGG,0.0196421394474,0.07343668
GACGCATAAAGATGAGACGCTGG,GACGCATAACGATGAGACGCTGG,0.00465650328521,0.06328803
GACGCATAAAGATGAGACGCTGG,GACGCGTAAAGATGAGACGCTGG,0.000971813092723,0.07590854
GACGCATAAAGATGAGACGCTGG,GACGCATATAGATGAGACGCTGG,0.08152311840439999,0.084741384
GACGCATAAAGATGAGACGCTGG,GACGCATCAAGATGAGACGCTGG,0.00116725554782,0.09961504
GACGCATAAAGATGAGACGCTGG,GACGCATTAAGATGAGACGCTGG,0.011172984073299998,0.08180559
GACGCATAAAGATGAGACGCTGG,GACGCTTAAAGATGAGACGCTGG,0.00493182712775,0.06421065
GACGCATAAAGATGAGACGCTGG,GACGCAGAAAGATGAGACGCTGG,0.000458729016148,0.08308041
GACGCATAAAGATGAGACGCTGG,GACGCCTAAAGATGAGACGCTGG,0.0945242769362,0.07292691
GACGCATAAAGATGAGACGCTGG,GACGCACAAAGATGAGACGCTGG,0.0235738673331,0.07980549
