chromosome	start	end	off_target_seq	CRISPRoff_score	strand
NA	NA	NA	GCCGCATAAAGATGAGACGCTGG	20.886783454687617	NA
NA	NA	NA	GAGGCATAAAGATGAGACGCTGG	17.511555312443022	NA
NA	NA	NA	GTCGCATAAAGATGAGACGCTGG	20.65809497478221	NA
NA	NA	NA	GAAGCATAAAGATGAGACGCTGG	20.24363480916881	NA
NA	NA	NA	GATGCATAAAGATGAGACGCTGG	19.730268401807386	NA
NA	NA	NA	GGCGCATAAAGATGAGACGCTGG	18.961147895522302	NA
NA	NA	NA	GACGGATAAAGATGAGACGCTGG	17.313089688338295	NA
NA	NA	NA	GACACATAAAGATGAGACGCTGG	25.976550087331077	NA
NA	NA	NA	GACGCATAATGATGAGACGCTGG	21.05743546736762	NA
NA	NA	NA	GACGTATAAAGATGAGACGCTGG	20.827989820399736	NA
NA	NA	NA	GACCCATAAAGATGAGACGCTGG	21.55487661634792	NA
NA	NA	NA	GACGCATAGAGATGAGACGCTGG	21.96079135060402	NA
NA	NA	NA	GACGCATAAGGATGAGACGCTGG	19.99660447472128	NA
NA	NA	NA	GACGCAAAAAGATGAGACGCTGG	23.69744922418206	NA
NA	NA	NA	GACGCATACAGATGAGACGCTGG	22.615450376847804	NA
NA	NA	NA	GACTCATAAAGATGAGACGCTGG	21.504846683869914	NA
NA	NA	NA	GACGCATGAAGATGAGACGCTGG	22.789074438923606	NA
NA	NA	NA	GACGAATAAAGATGAGACGCTGG	20.56553487631227	NA
NA	NA	NA	GACGCATAACGATGAGACGCTGG	20.74718515071418	NA
NA	NA	NA	GACGCGTAAAGATGAGACGCTGG	22.650864305182694	NA
NA	NA	NA	GACGCATATAGATGAGACGCTGG	22.536810696707164	NA
NA	NA	NA	GACGCATCAAGATGAGACGCTGG	23.439591928932884	NA
NA	NA	NA	GACGCATTAAGATGAGACGCTGG	23.463726258457832	NA
NA	NA	NA	GACGCTTAAAGATGAGACGCTGG	22.00487761397352	NA
NA	NA	NA	GACGCAGAAAGATGAGACGCTGG	23.16674138092813	NA
NA	NA	NA	GACGCCTAAAGATGAGACGCTGG	24.185720577153013	NA
NA	NA	NA	GACGCACAAAGATGAGACGCTGG	26.220931078848217	NA
NA	NA	NA	GACGCATAAAGATGAGACGCTGG	28.423035488075477	NA
